texto,rotulo_real,previsto
regular simples .......................................................................................................,0,1
preferia o anterior a última atualização,1,0
"Juro que to afim de assistir esse filme, mas aqui nos comentários só vejo VEGANO elogiando o filme e falando mal da indústria de carne... Isso está me parecendo que só agrada veganos... Sou carnívoro, será que vale a pena assistir?(o povo fala mal dos ""humanos"" comerem carne como se na selva animal não matasse animal pra comer também)",0,1
"Boa noite alguem me ajuda .. fiz a proposta da Nuconta e baixei esse app da nubank e disseram que fui provada , mais nao entendi pra qual finalidade fui aprovda se é pra credito ou só debito, e se foi pra debito ja tenho limite? gostaria que alguem me explicasse por favor .. aguardo!!!",1,0
pode melhorar muito mais,1,0
Pela segunda vez (já tentei comprar este mesmo produto anteriormente e tive que devolver e ficar com o crédito) o produto veio com a numeração errada (42-43). Desta vez vou negociar por aqui mesmo.,1,0
Mas se nao consegue namorar no real imagine no virtual. Essa moça sou eu,1,0
Puramente comercial frente ao bom original,0,1
Não saio pra longe sem antes consultar.  Pra melhorar poderia incluir as rotas de ônibus de toda a baixada. Japeri também é Baixada Fluminense.,1,0
"mano eu estou perdendo todas as minhas partidas,eu cheguei a ganhar 25 troféus e perder 24, e eu também estou pegando pegando jogadores com nives acima do meu nível da torre do rei tipo eu estou nivel 5 e jogo com gente nivel 8, e estou na arena 5 ganhando carta da arena 1,poxa arrumem isso aí pfvr pq esta difícil jogar desse geito",0,1
gostei do aplicativo mas e muita propaganda,1,0
"mano eu to no nível impossível , quando quero ir pra sima ele vai pra baixo e eu morro sacanagem",0,1
Esse filme é uma mistura de Conan dos anos 80 + Show do Beto Carrero + porcarias atuais!,0,1
"Da sequela, talvez o melhor",0,1
"Tipo de filme que começar fraco e vai melhorando, com um final sensacional... Eu pelo menos não esperava nada dele e acabei surpreendido - pelo lado positivo, claro. O desfecho é algo assim fora de qualquer cogitação; se prestar bem atenção, desde o início, descobre o primeiro enigma, mas o segunnnnnndo... Difícil heim!!!kkkkkkkk",1,0
"Bom dia. Quero agradecer a rapidez com que foi entregue o meu pedido. Eu havia solicitado na cor prata e veio no branco mas como não destoou dos tons da minha cozinha, fiquei com o branco mesmo! abçs!",1,0
"Quero assistir, depois vou baixar.",1,0
"TEM ALGUMAS BOAS CENAS, MAS O FINAL É ASSUSTADOR E INTRIGANTE",0,1
"Quando você fica próximo ao nível 100, O jogo faz de tudo para você perder. covardia pura.",0,1
Desenvolvimento lento com final diferente.Destaque para atuação do Bateman!,0,1
"Esperava que esse produto fosse mais forte para triturar os alimentos.

O que gostei: Fácil de usar e limpar após o uso, monta e desmonta com facilidade, copo inquebrável...

O que não gostei: Esquenta demais, já saiu até fumaça ao bater um suco de abacaxi. Sempre dá cheiro de queimado.",0,1
"Salva-se a porradaria, que acaba sendo uma mentira... enfimFicou ridículo d+ aquele bebê virtual!!!Sem falar na pior rizada de vilão que eu já vi...Faltou um Blade para fazer a festa...kkkk",1,0
dei 5 estrela porque invés de so gravar a tela do celular ele editar seus vídeos ele tem como adicionar música no vídeo escrever legenda e etc...,1,0
"Com menos de 1 mês a maquina quebrou, o cesto e muito menor que de outras máquinas de 10 Kg, peças parem muito frágeis.

O que gostei:    Silenciosa

O que não gostei:    Fragilidade, espaço interno,",0,1
"Aparelho não deixa a desejar em nenhuma aspecto, essas pessos que vem falar asneiras nas avaliações nem devem ter o aparelho ou são Fanzinhos da Maçã Ultrapassada.",1,0
Não gosto muito saudades musical.ly,0,1
"Estranho, sexy e tétrico. Sci-fi de andamento lento (as vezes maçante) com ótimos efeitos especiais e algumas cenas realmente bonitas e perturbadoras. Seria o filme uma metáfora pra solidão?",1,0
"Levei de 15:02h até 15:57h para conseguir fazer o pagamento que desejava; inconcebível!!! Liguei para a Ouvidoria que atendeu com um volume audívil mas que, após, tornou-se inaudívil, obrigando-me a desligar sem ter sido ouvido em minha reclamação. Que serviço...! .",0,1
não entendi uma coisa fui usar um App chamado addons for minecraft e baixei um natural mistic shaders aí agora meu mine travou e não consigo mais jogar vocês sabem oq é isso,1,0
"Deveriam colocar uma opção de ""crédito"", (como os 5 reais de crédito gratuito que o Kindle oferece quando a pessoa se associa), assim o usuário poderia solicitar a geração de um boleto, e poderia fazer compras sem a necessidade de um cartão de crédito ou débito (que parece nem sempre ser aceito)",0,1
Onde não está Wally?,1,0
e ótimo consegui baixar pra quem diz que não da tem que esperar um tempo ok,1,0
"Eu fiquei impressionado com a fluidez e a diversidade desse filme. Drama, suspense, terror, romance, comédia e sobra até um espacinho pra musical. Acho que é um filme nacional acima da média, e é muito interessante ver o nosso folclore no cinema. Isabél Zuaa atua demais (ela destruiu em ""Joaquim"") e o Miguel Lobo também tá muito bem, parece promissor. Eu só senti que ficou faltando algo no final.É um final aberto e tudo mais, mas parece que faltou uma trilha, um aperto de mãos, uma abertura da porta. Não sei, mas essa finalização repentina no maior clímax me incomodou um pouco. Alguns detalhes de roteiro também dão uma incomodada, como a Clara (os roteiristas amam esse nome) voltar de noite pra casa, quando o garoto já está se transformando, a colega de trabalho da Clara sumir da história depois de descobrir um cativeiro, e outras coisas.É uma história cheia de quebras de narrativa com efeitos especiais muito bem feitos. Foi uma ótima surpresa.",1,0
o app para sempre que eu entro,0,1
"Seguranca ok ficou pesado e com falha na abertura de páginas, ja foi melhor ate 2017, alguns bugs corrigidos agil e nao trava embora grande o aplicativo. Sinc funciona ok",1,0
"Estou gostando do produto. Gostaria de comprar outros produtos, tipo 2 ou 3 produtos, e pagar apenas um frete. Não seria justo? Fica a dica!",1,0
"olhei u começo umas 3 vezes jah, mas sempre acontecia algum problema e nao conseguia olha u final, vo te que axa um jeito de olha",1,0
ele ainda é o neo do matrix,0,1
A cada atualização está ficando pior! Agora meu aplicativo nem abre! Está ficando péssimo esse aplicativo.,1,0
de forma gratuita o livro para na melhor parte,0,1
consigo baixar as músicas e salvar na memória do celular?,1,0
"aplicativo bom. o grande problema é quando a gente vai adquirir um produto, ou ver as características, pois estão em inglês! A gente ñ consegue entender nada, e eu já deixei de comprar vários produtos por ñ saber se tinha as características que eu procurava, pois a descrição é toda em inglês. como um aplicativo de caráter mundial isso deveria ser melhorado. De acordo cm a configuração da minha conta! Mas em questão de compras e variedades é ótimo.",1,0
"Gostei bastante da atmosfera do filme, apesar de ñ ter me proporcionado muitos sustos. A mae e o filho passam uma tensão muito grande, enfim babadook foi uma grata surpresa",0,1
"Não li o livro então nao sei se foi uma boa adaptação, mas pra quem estava vendo so como filme foi bem legal. Os protagonistas mirins são tão lindinhos *_*",1,0
"Tem ar de nostalgia, mas senti que ficou datado, além de carregar alguns clichês que não me cativaram muito. Ainda assim vale a pena ver pela curiosidade.",0,1
"Fiz um depósito, mas na tela d pagamento só pedem o CPF e diz q a transação foi concluída. Como?",1,0
Para aqueles q já viram faço uma pergunta. Sou um grande admirador do diretor e tbm curto o George Clooney mas odeio a Sandra Bullock. E possível gostar desse filme mesmo detestando os trabalhos de Bullock? Clooney tem ao menos um bom tempo em cena pra compensar isso?,1,0
"""Guerra Civil"" prometia uma quebra dramática e cheia de tensão no MCU, uma separação, uma mudança sem precedentes e cujas consequências repercutiriam até a ""Guerra Infinita"". O filme não é ruim, na verdade é até bom. O problema foi todo esse: prometer demais.  A trama original de fala de uma guerra de verdade, cheia de sangue, mortes e erros para todos os lados. Aqui, a maior parte dos embates é levada com bastante leveza. Apesar de levar de modo bastante sensato o clima de divisão até a metade do filme mais ou menos, ""Guerra Civil"" assume descaramente o lado do Capitão na metade final (puder, né, o filme é do cara). Em termos de desenvolvimento de personagens, não há do que reclamar. Assementes plantadas aqui vão germinar bastante: a mágoa de Natasha com Tony, a culpa de Visão, o trauma de Wanda, a própria consequência do racha sendo levado a cabo pela incapacidade de diálogo de Tony com o Capitão quando este último esteve disposto a assiná-lo... tudo isso vai dar treta suficiente na Guerra Infinita. As personagens apresentadas também são maravilhosas. Pantera Negra e Homem-Aranha chegam com tudo, sim, mas não salvam. Porque o problema de ""Guerra Civil"" não é de texto, é de conceito mesmo. Não há guerra, a única participação ""civil"" é a do acidente em Lagos, e no final temos apenas mocinhos separados pelas circunstâncias.Não é ruim, mas é bem inferior ao ""Soldado Invernal"". Mas, sim, a trilogia do Capitão acaba sendo a mais consistente dentro do MCU mesmo.   [visto em 28/04/16]",0,1
"Se não tiver outro vale ele, + ou - ao estio Indiana Jones, mas não tem nem o q comprar",1,0
"a única coisa que eu achei que não ficou muito bem explicada foi pq o Saruman perdeu os poderes depois do ataque dos ents, deve explicar no livro mas no filme não fez muito sentido pra mim...",1,0
"Eu adoro a democracia cinematográfica! Esse filme tem uma das mais altas notas  (4.3) aqui no Filmow. Mas é apenas mais um filme, como tantos outros que já foram feitos. Sou fã do Luc Besson, mas esse é um de seus filmes que nunca me empolgou. E ainda tem a performance exagerada do Gary Oldman! Vale pela Natalie Portman muito jovem e já mostrando a atriz talentosa que viria a ser no futuro, inclusive ganhando um Oscar.",0,1
Ele só mostra trailler e não os filmes de fato,0,1
De momento nenhuma...,1,0
"é muito legal! Subway Surfers é legal mas quando eu chego em um recorde muito grande do jogo , simplesmente ele trava e faz eu perder . Não é o meu celular n, mas sim o jogo pois toda vez que eu baixo esse jogo sempre nessa parte ele trava e se fosse o meu celular já ia ter travado desde a hora que eu entrasse no jogo! POR FAVOR CONCERTEM ISSO, POR FAVOR!!!!!",1,0
eu amo o YouTube.. mas tem muito anúncios e isso é chato quando mal começa um vídeo passa dois anúncios.. por favor dêem um jeito nisso ❤,1,0
é legalzinho te prende até o final para saber o desenrolar. Quem curte ficção cientifica vai adorar esse.  Porém prefiro o segundo filme da franquia,0,1
Atualização aplicativo,1,0
Eu assisti esse filme com tanta expectativa e acabei com muita frustração...,0,1
"um pouco complicado, mas é só puxar pela memória.",1,0
Até q foi legalzinho. Adorei ver minha querida Dakota Fanning na pele de Jane Volturi.,0,1
Na moral mesmo que geral gostou desse final? Vocês estão de sacanagem comigo. E ainda tem gente que critica o final de A VILA.,0,1
"Aguardando ansiosamente. Mas o Samuel L. Jackson dá muita preguiça, essa mania de colocá-lo em cada filme com seu sarcasmo 0 é de matar.",0,1
"curti bastante no começo, a tensão foi bem construída mas ele vai afundando dum jeito que fica péssimo no fim",0,1
Ninguém achou que ter um bebê não ia ser uma boa ideia?,1,0
"Pra quem está tendo problemas com os símbolos com um X no meio... Saiba que depende do seu celular, alguns não tem esses símbolos gravados.",1,0
"Se for bom ou ruim, eu não sei. Mas assisterei por causa da Jennifer tbm.",1,0
Realmente... Decepcionou legal viu. Um dos melhores e vem desapontar dessa forma. Desgosto.,0,1
No aguardo para = T2: Trainspotting,1,0
I Will make a diferent,0,1
"É Eletrolux, não há mais nada a dizer. Falou freezer, falou Eletrolux. Acabou. Ponto final. Final. Final.

O que gostei: Nao possuo

O que não gostei: Nao possuo",1,0
"Fui na exibição de Ghost in the Shell (1995) no cinema, e antes do filme eles passaram um compilado de 15 minutos da nova adaptação. O que posso dizer é, não aguardem com grandes expectativas! Apesar de tudo estar realmente perfeito com o elenco ótimo e um visual de encher os olhos, o roteiro vai ser uma baboseira sobre ela sendo um androide,ao invés de ser um viagem existencial profunda como é o original...",0,1
"8 óscares e 4 globos de ouro, merecidamente ganhos! Um filme excitante que transpassa muito emoção a cada segundo! Quem não acha isso ou achou entediante, é burro! foi mal!",1,0
É ate q é legalzinho,1,0
"tirar os bitmojis duplos(masculino e feminino juntos) foi um grande erro, deviam voltar e acrescentar novidades se possível!!",0,1
Como comentaram abaixo visualmente é perfeito porém o roteiro deixou a desejar.,0,1
Era uma alegria toda vez que passava na Sessão da Tarde :),1,0
Cadê os Rockeiros,1,0
Não estou conseguindo acessar o aplicativo. Ta aparecendo uma mensagem dizendo que ocorreu um erro. Preciso acessar minha conta. O que faço?,1,0
"Muito bom, mas não consigo adicionar minha conta do Santander no aplicativo",1,0
"Não foi a sua culpa, não foi a sua culpa...",1,0
É até bom. Claramente feito para mulheres.,0,1
Bom Desdo o ano passado que não recebo o bolsa família vou no posto da bolsa família e faço o cadastro no mês de março eu fiz o cadastro novamente e ainda não recebi o Beneficio já são oito meses que não recebo eu não trabalho e não entendo por que não estou recebendo.,1,0
"É fato que um filme deste nível não deveria ter uma falha como a do boneco, mas não se pode desqualificar o filme inteiro por isso. É o filme mais pop entre os concorrentes de 2015.Acesse:hastelavista.com.br",1,0
o jogo é bom mais tem muito anúncio,0,1
"Nas duas sessões que fui muita gente deu risada do final e aplaudiu de forma sarcástica, claro não entenderam nada do filme, mas ao menos deveriam respeitar o que não entendem. É declaração de idiotice tirar sarro por não entender, além de ser uma grande negação a inteligência.",1,0
"Uma boa comédia Romantica, com o toque retardado de Adam Sandler...não é ESPETACULAAAARRRR, mas é um bom filme. PONTO!",1,0
Duas horas e alguns minutos muito bem gastos em toda a minha existência!,1,0
Vocês vão colocar a lingua Croata para nós? ou não esta no plano de vocês essa lingua?,1,0
Não consigo fazer download de idiomas.,1,0
"Excelente continuação. Tá doido, tô tentando ""arrumar"" este filme faz uns 3 meses.  Apesar de não superar o 1º, esta sequência ficou absurdamente boa. Ao assistir John Wick, senti que estava assistindo aqueles filmes da década de 80 como Stallone Cobra, Duro de Matar, Jogo Bruto, Desejo de Matar III, etc. Ele se comporta como os fodões das antigas, que a situação pode ser a pior possível, mas tudo indica que quem se ferrará é o inimigo, porque ele virá com tudo e sem medo algum de ser vencido. Essa hipótese não existe, MUHAHAHAHA Um ponto não tão positivo pra mim foi ter usado Peter Stormare (eterno John Abruzzi) somente na primeira parte do filme. Poxa, o cara é muito fodão, tem cara de mafioso dandidão. Deixasse o cara participar mais do filme. Eu entendi que ele só serviu para enaltecer a superioridade de John, e para mostrar que o mesmo queria ficar em paz, mas ainda sim, é um desperdício de vilão. Não gostei muito dos personagens da Ruby Rose e Lawrence Fishburne. Achei os dois muito superficiais. Só apareceram por aparecer mesmo, não agregaram nada ao desenvolvimento da trama. Já o personagem de Commom, o Cassian, ficou bacana ainda bem que ele não morreu. Espero que ele volte no 3º E que surpresa boa foi ter visto Franco Nero atuando neste filme. Seria bom ele retornar no próximo com uma metralhadora fodona (estilo Django) e meter bala na geral. Já me esquecendo: como morre gente neste filme, hein!?!? - Tá doido uai. O pequeno recado está dado, haha. Assistam, ficou bom mesmo. 5* + s2 é a nota mínima que este filme merece.",1,0
"Legal, mas fico com o primeiro.",0,1
Muito interessantw a propoata do app e o sistema de match. Só tem um número baixo de usuários,1,0
Essa autenticação no caixa eletrônico é um saco ainda mais quando se precisa formatar o aparelho celular podia ser mais facilitado o itoken assim como os bancos digitais.,0,1
"Impactada, apenas!!!",1,0
Este app mostra as letras das músicas em outros players?,1,0
o jogo e bom mas tem que ter outros jogadores,1,0
"Não consigo programar o pagamento uma conta de água, da cidade de Birigui, mesmo programando um dia antes do vencimento, retorna dizendo que não pode progamar após o vencimento !!! Eu não quer a cadastrar a conta em débito automático, simplesmente quero agendar o pagamento para o dia do vencimento.",1,0
Lars von Trier>>>>>>>>>>>>>>> 50 tons.Melhor coisa do filme: trilha sonora.,0,1
"O produto é ótimo, a tecnologia led é simplesmente surpreendente, uma ressalva a empresa LG, possuo outros produtos da marca e tive problemas com a garantia de um micro sistem. A assistência técnica na minha cidade não presta mais serviço, entrei em contato com a empresa e fui ignorado estou no prejuízo.

O que gostei: Qualidade das imagens, é surpreendente, não se compara com nenhuma outra que eu tenha analisado para comprar.

O que não gostei: Ainda não encontrei nada de ruim, no futuro talvez eu encontre, espero que não.",1,0
Etelvino evaristo da silva,1,0
